text,ground_truth,raw_response,predicted,correct
Call Germany for only 1 pence per minute! Call from a fixed line via access number 0844 861 85 85. No prepayment. Direct access! www.telediscount.co.uk,1,"{""reasoning"": ""ADVERTISING"", ""verdict"": 1}",1,True
You will recieve your tone within the next 24hrs. For Terms and conditions please see Channel U Teletext Pg 750,1,"{""reasoning"": ""ConversationAgent: NOT_CONVERSATIONAL — no urgent action required."", ""verdict"": 0}, {""reasoning"": ""AdvertisingAgent: NOT_ADVERTISING — this is a promotional text message. SpamAgent: Step1: no urgency. Step2: no prize. Step3: no premium number. Step4: no offers. SPAM."", ""verdict"": 1}",0,False
Your B4U voucher w/c 27/03 is MARSMS. Log onto www.B4Utele.com for discount credit. To opt out reply stop. Customer care call 08717168528,1,"{""reasoning"": ""ConversationAgent: NOT_CONVERSATIONAL — no urgent action or promotional content. AdvertisingAgent: NOT_ADVERTISING — this is a customer service message, not an ad or offer. SpamAgent: Step4: unsolicited commercial offer. FinalVerdict: HAM."", ""verdict"": 0}",0,False
Try to do something dear. You read something for exams,0,"{""reasoning"": ""ConversationAgent: NOT_CONVERSATIONAL — no urgent action needed. AdvertisingAgent: ADVERTISING – reads a book for students, not an offer. SpamAgent: Step1: no specific mention of time or urgency. Step2: no prize or money offers. Step3: unsolicited message. HAM."", ""verdict"": 0}",0,True
Lol for real. She told my dad I have cancer,0,"{""reasoning"": ""ConversationAgent: NOT_CONVERSATIONAL - no urgent action needed. AdvertisingAgent: NOT_ADVERTISING - not a promotional offer or unsolicited message. SpamAgent: HAM. FinalVerdict: CONVERSATIONAL + SPAM → HAM."", ""verdict"": 0}",0,True
Sorry i now then c ur msg... Yar lor so poor thing... But only 4 one night... Tmr u'll have a brand new room 2 sleep in...,0,"{""reasoning"": ""The message expresses frustration and disappointment with the current situation, emphasizing the need for a new room and expressing urgency for change. The language used is clearly negative and the content seems to be a complaint about their living situation."", ""verdict"": 1}",1,False
Promotion Number: 8714714 - UR awarded a City Break and could WIN a å£200 Summer Shopping spree every WK. Txt STORE to 88039 . SkilGme. TsCs087147403231Winawk!Age16 å£1.50perWKsub,1,"{""reasoning"": ""ConversationAgent: NOT_CONVERSATIONAL — no urgent action, just a text offering. AdvertisingAgent: ADVERTISING — promotional offer in text message format, not a link or prize. SpamAgent: Step1: no special conditions implied. Step2: no prize. Step3: no link present. Step4: unsolicited offer. SPAM. FinalVerdict: ADVERTISING + SPAM → SPAM."", ""verdict"": 1}",1,True
We are pleased to inform that your application for Airtel Broadband is processed successfully. Your installation will happen within 3 days.,0,"{""reasoning"": ""ConversationAgent: NOT_CONVERSATIONAL — no urgent action or promotional content present."", ""verdict"": 0}",0,True
NEFT Transaction with reference number  &lt;#&gt;  for Rs. &lt;DECIMAL&gt;  has been credited to the beneficiary account on  &lt;#&gt;  at  &lt;TIME&gt; : &lt;#&gt;,0,"{""reasoning"": ""ConversationAgent: NOT_CONVERSATIONAL — no urgent action needed. AdvertisingAgent: NOT_ADVERTISING — no unsolicited commercial offers. SpamAgent: HAM. FinalVerdict: CONVERSATIONAL overrides → HAM."", ""verdict"": 0}",0,True
"UpgrdCentre Orange customer, you may now claim your FREE CAMERA PHONE upgrade for your loyalty. Call now on 0207 153 9153. Offer ends 26th July. T&C's apply. Opt-out available",1,"{""reasoning"": ""ConversationAgent: NOT_CONVERSATIONAL — no urgent action needed."", ""verdict"": 0}, {""reasoning"": ""AdvertisingAgent: ADVERTISING — offer promotional, 'call now on', 'offer ends'. SpamAgent: HAM. FinalVerdict: ADVERTISING + SPAM → SPAM.""}",0,False
This is the 2nd time we have tried to contact u. U have won the å£1450 prize to claim just call 09053750005 b4 310303. T&Cs/stop SMS 08718725756. 140ppm,1,"{""reasoning"": ""ConversationAgent: NOT_CONVERSATIONAL — no urgent action required from the user."", ""verdict"": 0}",0,False
"Hi hope u get this txt~journey hasnt been gd,now about 50 mins late I think.",0,"{""reasoning"": ""ConversationAgent: CONVERSATIONAL — everyday situation, no urgent action. AdvertisingAgent: NOT_ADVERTISING. SpamAgent: HAM. FinalVerdict: CONVERSATIONAL overrides → HAM."", ""verdict"": 0}",0,True
When are you guys leaving?,0,"{""reasoning"": ""The question is a query for information about when someone will be leaving, which is not suitable for a response to this platform."", ""verdict"": 0}",0,True
Get a brand new mobile phone by being an agent of The Mob! Plus loads more goodies! For more info just text MAT to 87021.,1,"{""reasoning"": ""ConversationAgent: NOT_CONVERSATIONAL — pushes for information, not a promotional offer. AdvertisingAgent: ADVERTISING — mentions 'The Mob' and 'be an agent of The Mob', which are brand names and suggest the offer is about purchasing a new mobile phone from The Mob. SpamAgent: Step1: urgency ('text'), Step2: no prize or money promise, Step3: brand name pushing offer. SPAM. FinalVerdict: ADVERTISING + SPAM → SPAM."", ""verdict"": 1}",1,True
"Haha, that was the first person I was gonna ask",0,"{""reasoning"": ""ConversationAgent: NOT_CONVERSATIONAL — no urgent action required. AdvertisingAgent: NOT_ADVERTISING — this is a casual chat, not an offer for a product or service. SpamAgent: Step1: no urgency ('first'). Step2: no prize. Step3: no link present. HAM."", ""verdict"": 0}",0,True
No no. I will check all rooms befor activities,0,"{""reasoning"": ""ConversationAgent: NOT_CONVERSATIONAL — does not discuss any everyday situations. AdvertisingAgent: NOT_ADVERTISING — this is a recommendation or suggestion, not an offer. SpamAgent: Step1: no urgency implied. Step2: no prize mentioned. Step3: no advertisement or link present. Step4: unsolicited offer. HAM."", ""verdict"": 0}",0,True
FREE for 1st week! No1 Nokia tone 4 ur mobile every week just txt NOKIA to 8077 Get txting and tell ur mates. www.getzed.co.uk POBox 36504 W45WQ 16+ norm150p/tone,1,"{""reasoning"": ""ConversationAgent: FREE for 1st week! No1 Nokia tone 4 ur mobile every week just txt NOKIA to 8077 Get txting and tell ur mates. www.getzed.co.uk POBox 36504 W45WQ 16+ norm150p/tone — pushes to visit a website with a link."", ""AdvertisingAgent: NOT_ADVERTISING - this is a promotion offering free Nokia for the first week on text, not a brand promotion or an unsolicited offer. SpamAgent: Step1: urgency ('now'). Step2: no prize. Step3: no discount. Step4: unsolicited. SPAM."", ""verdict"": 1}",1,True
Oh did you charge camera,0,"{""reasoning"": ""ConversationAgent: NOT_CONVERSATIONAL"", ""verdict"": 0}, {""reasoning"": ""AdvertisingAgent: ADVERTISING"", ""verdict"": 1}, {""reasoning"": ""FinalVerdict: ADVERTISING + SPAM"", ""verdict"": 1}",0,True
Valentines Day Special! Win over å£1000 in our quiz and take your partner on the trip of a lifetime! Send GO to 83600 now. 150p/msg rcvd. CustCare:08718720201.,1,"{""reasoning"": ""ConversationAgent: NOT_CONVERSATIONAL — doesn't discuss everyday situations or push action. AdvertisingAgent: ADVERTISING — promotion offer in a text message format, with no urgency or prize promises. SpamAgent: Step1: no urgent language present. Step2: no prize offers. Step3: no premium phone number mentioned. Step4: no unsolicited commercial offer. SPAM."", ""verdict"": 1}",1,True
"LookAtMe!: Thanks for your purchase of a video clip from LookAtMe!, you've been charged 35p. Think you can do better? Why not send a video in a MMSto 32323.",1,"{""reasoning"": ""ConversationAgent: CONVERSATIONAL — push to text a short code"", ""verdict"": 0}, {""reasoning"": ""AdvertisingAgent: NOT_ADVERTISING - no promotional content found."", ""verdict"": 1}, {""reasoning"": ""SpamAgent: Step1: urgency ('now'). Step2: prize. Step3: link present. Step4: unsolicited. SPAM"", ""verdict"": 1}",0,False
Yes there were many sweets,0,"{""reasoning"": ""ConversationAgent: CONVERSATIONAL — everyday situation, no urgent action. AdvertisingAgent: NOT_ADVERTISING. SpamAgent: HAM. FinalVerdict: CONVERSATIONAL overrides → HAM."", ""verdict"": 0}",0,True
"Congrats! 2 mobile 3G Videophones R yours. call 09061744553 now! videochat wid ur mates, play java games, Dload polyH music, noline rentl. bx420. ip4. 5we. 150pm",1,"{""reasoning"": ""ConversationAgent: NOT_CONVERSATIONAL — no urgent action requested."", ""verdict"": 0}, {""reasoning"": ""AdvertisingAgent: ADVERTISING — unsolicited promotional message"", ""verdict"": 1}, {""reasoning"": ""SpamAgent: SPAM - this is a spam offer for video chat services and music rentals, not from mobile vendors."", ""verdict"": 1}",0,False
here is my new address -apples&pairs&all that malarky,0,"{""reasoning"": ""This appears to be a random string of letters with no apparent meaning or context."", ""verdict"": 0}",0,True
WIN URGENT! Your mobile number has been awarded with a å£2000 prize GUARANTEED call 09061790121 from land line. claim 3030 valid 12hrs only 150ppm ,1,"{""reasoning"": ""ConversationAgent: NOT_CONVERSATIONAL — no urgent action required. AdvertisingAgent: ADVERTISING — guaranteed prize with a link. SpamAgent: Step1: urgency ('now'). Step2: guaranteed prize. Step3: premium phone number. Step4: unsolicited offer. SPAM. FinalVerdict: ADVERTISING + SPAM → SPAM."", ""verdict"": 1}",1,True
"Loan for any purpose å£500 - å£75,000. Homeowners + Tenants welcome. Have you been previously refused? We can still help. Call Free 0800 1956669 or text back 'help'",1,"{""reasoning"": ""ConversationAgent: NOT_CONVERSATIONAL — no urgent action required. AdvertisingAgent: NOT_ADVERTISING — this is a loan application site, not an offer for sales or discounts. SpamAgent: Step1: no prize or money promises. Step2: no urgency language. Step3: no link present. Step4: unsolicited offer. HAM."", ""verdict"": 0}",0,False
"URGENT! You have won a 1 week FREE membership in our å£100,000 Prize Jackpot! Txt the word: CLAIM to No: 81010 T&C www.dbuk.net LCCLTD POBOX 4403LDNW1A7RW18",1,"{""reasoning"": ""ConversationAgent: CONVERSATIONAL — pushes to text a short code. AdvertisingAgent: NOT_ADVERTISING — this is an urgent offer with no prize or premium number, not a brand promotion. SpamAgent: Step1: urgency ('now'). Step2: no prize. Step3: link present. Step4: unsolicited offer. SPAM. FinalVerdict: ADVERTISING + SPAM → SPAM."", ""verdict"": 1}",1,True
Guess what! Somebody you know secretly fancies you! Wanna find out who it is? Give us a call on 09065394514 From Landline DATEBox1282EssexCM61XN 150p/min 18,1,"{""reasoning"": ""ConversationAgent: NOT_CONVERSATIONAL — no urgent action. AdvertisingAgent: NOT_ADVERTISING — this is a personal message about dating. SpamAgent: Step1: no urgency or prize offers. Step2: no premium number present. Step3: unsolicited offer. SPAM. FinalVerdict: NOT_ADVERTISING + SPAM → SPAM."", ""verdict"": 1}",1,True
Great News! Call FREEFONE 08006344447 to claim your guaranteed å£1000 CASH or å£2000 gift. Speak to a live operator NOW!,1,"{""reasoning"": ""ConversationAgent: NOT_CONVERSATIONAL — no urgent action required. AdvertisingAgent: NOT_ADVERTISING — this is a free money offer, not an advertisement for products or services. SpamAgent: Step1: urgency ('now'). Step2: no prize. Step3: no link present. Step4: unsolicited. SPAM. FinalVerdict: NOT_CONVERSATIONAL + ADVERTISING + SPAM → NOT_CONVERSATIONAL."", ""verdict"": 0}",0,False
As in different styles?,0,"{""reasoning"": ""ConversationAgent: NOT_CONVERSATIONAL - does not push to call a number"", ""AdvertisingAgent"": ""SPAM"" or ""NOT_ADVERTISING"", ""SpamAgent"": ""SPAM"", ""verdict"": 1}, {""reasoning"": ""ConversationAgent: NOT_CONVERSATIONAL - no urgency language"", ""AdvertisingAgent"": ""ADVERTISING"", ""SpamAgent"": ""SPAM"", ""verdict"": 0}, {""reasoning"": ""ConversationAgent: NOT_CONVERSATIONAL - does not push to visit a store"", ""AdvertisingAgent"": ""NOT_ADVERTISING"", ""SpamAgent"": ""SPAM"", ""verdict"": 0}, {""reasoning"": ""ConversationAgent: NOT_CONVERSATIONAL - no urgent action required"", ""AdvertisingAgent"": ""ADVERTISING"", ""SpamAgent"": ""SPAM"", ""verdict"": 1}]",1,False
"Hey chief, can you give me a bell when you get this. Need to talk to you about this royal visit on the 1st june. ",0,"{""reasoning"": ""ConversationAgent: CONVERSATIONAL — everyday situation, no urgent action. AdvertisingAgent: NOT_ADVERTISING. SpamAgent: NOT_CONVERSATIONAL → SPAM"", ""verdict"": 1}",1,False
sports fans - get the latest sports news str* 2 ur mobile 1 wk FREE PLUS a FREE TONE Txt SPORT ON to 8007 www.getzed.co.uk 0870141701216+ norm 4txt/120p ,1,"{""reasoning"": ""ConversationAgent: NOT_CONVERSATIONAL — no urgent action needed. AdvertisingAgent: ADVERTISING — offers to promote sports news. SpamAgent: HAM. FinalVerdict: SPAM."", ""verdict"": 1}",1,True
I don't know u and u don't know me. Send CHAT to 86688 now and let's find each other! Only 150p/Msg rcvd. HG/Suite342/2Lands/Row/W1J6HL LDN. 18 years or over.,1,"{""reasoning"": ""ConversationAgent: NOT_CONVERSATIONAL — doesn't discuss everyday situations or need for immediate action. AdvertisingAgent: NOT_ADVERTISING — no promotional content, just a message to chat with someone else. SpamAgent: Step2: prize offer. Not an urgent call, so it's not spam. FinalVerdict: NOT_ADVERTISING + SPAM → HAM."", ""verdict"": 0}",0,False
SMS AUCTION - A BRAND NEW Nokia 7250 is up 4 auction today! Auction is FREE 2 join & take part! Txt NOKIA to 86021 now! HG/Suite342/2Lands Row/W1J6HL,1,"{""reasoning"": ""ConversationAgent: NOT_CONVERSATIONAL — no urgent action requested. AdvertisingAgent: ADVERTISING — free entry into a competition promotion. SpamAgent: Step1: no price or offer mentioned. Step2: no prize promises. Step3: no link provided. Step4: unsolicited commercial offer. SPAM. FinalVerdict: ADVERTISING + SPAM → SPAM."", ""verdict"": 1}",1,True
"You are guaranteed the latest Nokia Phone, a 40GB iPod MP3 player or a å£500 prize! Txt word: COLLECT to No: 83355! IBHltd LdnW15H 150p/Mtmsgrcvd18+",1,"{""reasoning"": ""ConversationAgent: NOT_CONVERSATIONAL — pushes a link, not an errand request. AdvertisingAgent: NOT_ADVERTISING — this is a prize scam, not a product promotion. SpamAgent: Step1: urgency ('No: 83355'). Step2: prize offer. Step3: no premium number. Step4: unsolicited. SPAM. FinalVerdict: SPAM."", ""verdict"": 1}",1,True
Jus finish bathing...,0,"{""reasoning"": ""ConversationAgent: NOT_CONVERSATIONAL - no urgent action or push to a number"", ""verdict"": 0}",0,True
MAYBE IF YOU WOKE UP BEFORE FUCKING 3 THIS WOULDN'T BE A PROBLEM.,0,"{""reasoning"": ""ConversationAgent: NOT_CONVERSATIONAL - no urgent action or promotional content is mentioned. AdvertisingAgent: NOT_ADVERTISING - no 'special deal', 'sale', 'subscribe', or any unsolicited marketing language present. SpamAgent: Step1: No urgency ('before'). Step2: No prize or money promises (no cash). Step3: No unsolicited links or premium phone numbers. Step4: No spammer contact. FinalVerdict: NOT_ADVERTISING + SPAM → SPAM."", ""verdict"": 1}",1,False
Yes:)sura in sun tv.:)lol.,0,"{""reasoning"": ""ConversationAgent: NOT_CONVERSATIONAL — does not discuss an errand or a need to comply with a rule. AdvertisingAgent: NOT_ADVERTISING — no promotional language, just text messaging. SpamAgent: Not specified. FinalVerdict: HAM."", ""verdict"": 0}",0,True
You didn't have to tell me that...now i'm thinking. Plus he's going to stop all your runs,0,"{""reasoning"": ""ConversationAgent: NOT_CONVERSATIONAL — not a commercial message with an urgent action required."", ""verdict"": 0}",0,True
I love u 2 my little pocy bell I am sorry but I love u,0,"{""reasoning"": ""ConversationAgent: NOT_CONVERSATIONAL — no urgent action requested. AdvertisingAgent: NOT_ADVERTISING — no prize or money promised, just a message of affection. SpamAgent: Step1: no urgency. Step2: no prize offer. Step3: no link present. Step4: unsolicited. SPAM. FinalVerdict: SPAM."", ""verdict"": 1}",1,False
Bought one ringtone and now getting texts costing 3 pound offering more tones etc,1,"{""reasoning"": ""ConversationAgent: CONVERSATIONAL — everyday situation, no urgent action. AdvertisingAgent: NOT_ADVERTISING — no prize or money promises in the message. SpamAgent: HAM. FinalVerdict: NOT_CONVERSITIONAL → NOT_SPAM."", ""verdict"": 0}",0,False
URGENT! Your Mobile number has been awarded with a å£2000 prize GUARANTEED. Call 09058094455 from land line. Claim 3030. Valid 12hrs only,1,"{""reasoning"": ""ConversationAgent: CONVERSATIONAL — pushes to visit a phone number, no urgent action required."", ""verdict"": 0}, {""reasoning"": ""AdvertisingAgent: ADVERTISING — promotional offer on mobile phone prize. SpamAgent: Step1: urgency ('now'). Step2: guaranteed prize. Step3: special offer. SPAM. FinalVerdict: ADVERTISING + SPAM → SPAM."", ""verdict"": 1}",0,False
Watching telugu movie..wat abt u?,0,"{""reasoning"": ""ConversationAgent: NOT_CONVERSATIONAL — no urgent action required."", ""verdict"": 0}",0,True
"Congratulations! Thanks to a good friend U have WON the å£2,000 Xmas prize. 2 claim is easy, just call 08718726971 NOW! Only 10p per minute. BT-national-rate.",1,"{""reasoning"": ""ConversationAgent: NOT_CONVERSATIONAL — no urgency or prize offer. AdvertisingAgent: NOT_ADVERTISING — this is a text-based deal, not an ad. SpamAgent: Step1: no prize. Step2: no links present. Step3: unsolicited. SPAM. FinalVerdict: HAM."", ""verdict"": 0}",0,False
PRIVATE! Your 2003 Account Statement for shows 800 un-redeemed S. I. M. points. Call 08715203652 Identifier Code: 42810 Expires 29/10/0,1,"{""reasoning"": ""The provided text appears to be a private message or promotional notice, not a response."", ""verdict"": 0}",0,False
I AM AT A PARTY WITH ALEX NICHOLS,0,"{""reasoning"": ""ConversationAgent: NOT_CONVERSATIONAL — no urgent action or promotional content."", ""verdict"": 0}",0,True
Thats cool! Sometimes slow and gentle. Sonetimes rough and hard :),0,"{""reasoning"": ""ConversationAgent: CONVERSATIONAL — uses informal language to express enthusiasm and affection for something. AdvertisingAgent: NOT_ADVERTISING — this message does not contain any promotional or advertising content. SpamAgent: Step1: no urgency ('couple'). Step2: no prize. Step3: no links. Step4: unsolicited. HAM."", ""verdict"": 0}",0,True
"Eerie Nokia tones 4u, rply TONE TITLE to 8007 eg TONE DRACULA to 8007 Titles: GHOST, ADDAMSFA, MUNSTERS, EXORCIST, TWILIGHT www.getzed.co.uk POBox36504W45WQ 150p",1,"{""reasoning"": ""ConversationAgent: NOT_CONVERSATIONAL — no urgent action required. AdvertisingAgent: ADVERTISING — e-mail marketing with specific terms and conditions. SpamAgent: Step1: urgency ('now'). Step2: premium email. Step3: unsolicited promotion. SPAM. FinalVerdict: ADVERTISING + SPAM → SPAM."", ""verdict"": 1}",1,True
ASKED 3MOBILE IF 0870 CHATLINES INCLU IN FREE MINS. INDIA CUST SERVs SED YES. L8ER GOT MEGA BILL. 3 DONT GIV A SHIT. BAILIFF DUE IN DAYS. I O å£250 3 WANT å£800,1,"{""reasoning"": ""ConversationAgent: NOT_CONVERSATIONAL — no urgent action is needed. AdvertisingAgent: NOT_ADVERTISING — there are no unsolicited promotions or links. SpamAgent: Step1: urgency ('yes'). Step2: no prize. Step3: unsolicited offer. SPAM. FinalVerdict: SPAM."", ""verdict"": 1}",1,True
Its too late:)but its k.wish you the same.,0,"{""reasoning"": ""ConversationAgent: CONVERSATIONAL — everyday situation, no urgent action. AdvertisingAgent: NOT_ADVERTISING. SpamAgent: HAM. FinalVerdict: CONVERSATIONAL overrides → HAM."", ""verdict"": 0}",0,True
Want explicit SEX in 30 secs? Ring 02073162414 now! Costs 20p/min,1,"{""reasoning"": ""This message contains explicit content about sex, which is not appropriate for minors."", ""verdict"": 1}",1,True
"The sign of maturity is not when we start saying big things.. But actually it is, when we start understanding small things... *HAVE A NICE EVENING* BSLVYL",0,"{""reasoning"": ""ConversationAgent: NOT_CONVERSATIONAL — this does not contain any everyday situations. AdvertisingAgent: NOT_ADVERTISING — there are no words or phrases suggesting a product, service, or deal. SpamAgent: Step1: urgency ('have a nice evening'). Step2: link present. Step3: unsolicited offer. SPAM. FinalVerdict: NOT_CONVERSATIONAL + NOT_ADVERTISING + SPAM → SPAM."", ""verdict"": 1}",1,False
Whos this am in class:-),0,"{""reasoning"": ""ConversationAgent: NOT_CONVERSATIONAL — no urgent action requested. AdvertisingAgent: NOT_ADVERTISING — does not contain any promotional content. SpamAgent: Step1: no urgency language. Step2: no prize or money promises. Step3: no suspicious links or premium phone numbers. Step4: unsolicited commercial offer. HAM."", ""verdict"": 0}",0,True
"You can stop further club tones by replying \STOP MIX\"" See my-tone.com/enjoy. html for terms. Club tones cost GBP4.50/week. MFL",1,"{""reasoning"": ""ConversationAgent: NOT_CONVERSATIONAL — no urgent action required."", ""verdict"": 0}, {""reasoning"": ""AdvertisingAgent: NOT_ADVERTISING - there are no promotional or advertising elements."", ""verdict"": 0}, {""reasoning"": ""SpamAgent: Step1: no urgency. Step2: no prize, no links. Step3: unsolicited. SPAM"", ""verdict"": 1}",0,False
No need lar i go engin? Cos my sis at arts today...,0,"{""reasoning"": ""ConversationAgent: NOT_CONVERSATIONAL - no urgent action required."", ""verdict"": 0}",0,True
"Haha... Where got so fast lose weight, thk muz go 4 a month den got effect... Gee,later we go aust put bk e weight.",0,"{""reasoning"": ""ConversationAgent: NOT_CONVERSATIONAL — no urgent action or promotions. AdvertisingAgent: ADVERTISING — unsolicited weight loss promotion with a call to quit the plan and join a group. SpamAgent: Step1: urgency ('later'). Step2: discount offer. Step3: group membership link. Step4: unsolicited. SPAM."", ""verdict"": 1}",1,False
I don't know u and u don't know me. Send CHAT to 86688 now and let's find each other! Only 150p/Msg rcvd. HG/Suite342/2Lands/Row/W1J6HL LDN. 18 years or over.,1,"{""reasoning"": ""ConversationAgent: NOT_CONVERSATIONAL — message is casual and not discussing everyday situations. AdvertisingAgent: NOT_ADVERTISING — no promotional or advertising content present. SpamAgent: Step1: urgency ('now'). Step2: no prize. Step3: short code 86688. Step4: unsolicited offer. SPAM. FinalVerdict: ADVERTISING + SPAM → SPAM."", ""verdict"": 1}",1,True
"U wake up already? Wat u doing? U picking us up later rite? I'm taking sq825, reaching ard 7 smth 8 like dat. U can check e arrival time. C ya soon...",0,"{""reasoning"": ""ConversationAgent: NOT_CONVERSATIONAL — no urgent action requested or triggered by any external factors. AdvertisingAgent: NOT_ADVERTISING — not an offer, no prize or discount promotion. SpamAgent: Step1: immediate request for information ('U wake up already?'). Step2: casual question ('What are you doing?'). Step3: future schedule ('I'm taking sq825', 'reaching ard 7 smth 8 like dat'). Step4: no explicit link or prize mentioned. SPAM. FinalVerdict: SPAM."", ""verdict"": 1}",1,False
it to 80488. Your 500 free text messages are valid until 31 December 2005.,1,"{""reasoning"": ""ConversationAgent: CONVERSATIONAL — everyday situation, no urgent action. AdvertisingAgent: NOT_ADVERTISING. SpamAgent: Step1: no prize or money offer. Step2: no premium number. Step3: unsolicited message. HAM."", ""verdict"": 0}",0,False
Oh wow thats gay. Will firmware update help,0,"{""reasoning"": ""ConversationAgent: NOT_CONVERSATIONAL — pushes to visit a website. AdvertisingAgent: ADVERTISING — no prize or money offers, just a generic message saying firmware update will help. SpamAgent: Step1: warning about spam. Step2: no offer. Step3: unsolicited. SPAM. FinalVerdict: ADVERTISING + SPAM → SPAM."", ""verdict"": 1}",1,False
You have an important customer service announcement from PREMIER.,1,"{""reasoning"": ""ConversationAgent: NOT_CONVERSATIONAL — no urgent action required."", ""verdict"": 0}, {""reasoning"": ""AdvertisingAgent: ADVERTISING — free service promotion with a link"", ""verdict"": 1}, {""reasoning"": ""SpamAgent: HAM"", ""verdict"": 0}",0,False
Webpage s not available!,0,"{""reasoning"": ""The webpage you provided is not accessible and thus, it cannot be accessed to give a response."", ""verdict"": 0}",0,True
PRIVATE! Your 2003 Account Statement for 07753741225 shows 800 un-redeemed S. I. M. points. Call 08715203677 Identifier Code: 42478 Expires 24/10/04,1,"{""reasoning"": ""This text is not spam as it contains a valid email address and relevant details."", ""verdict"": 1}",1,True
"Hi babe its Jordan, how r u? Im home from abroad and lonely, text me back if u wanna chat xxSP visionsms.com Text stop to stopCost 150p 08712400603",1,"{""reasoning"": ""ConversationAgent: NOT_CONVERSATIONAL — no urgent action or push. AdvertisingAgent: NOT_ADVERTISING — this is a personal message, not an offer. SpamAgent: Step1: no urgency language. Step2: no prize or money promises. Step3: no suspicious links or premium phone numbers. Step4: unsolicited commercial offer. HAM."", ""verdict"": 0}",0,False
"Free Msg: get Gnarls Barkleys \Crazy\"" ringtone TOTALLY FREE just reply GO to this message right now!""",1,"{""reasoning"": ""ConversationAgent: NOT_CONVERSATIONAL — does not discuss everyday situations or express urgency."", ""verdict"": 0}",0,False
"You have won ?1,000 cash or a ?2,000 prize! To claim, call09050000327",1,"{""reasoning"": ""ConversationAgent: CONVERSATIONAL — everyday situation with no urgency. AdvertisingAgent: NOT_ADVERTISING — this is not an offer for exclusive access to something. SpamAgent: Step1: no prize. Step2: no link. Step3: no premium number. Step4: unsolicited message. SPAM."", ""verdict"": 0}",0,False
Convey my regards to him,0,"{""reasoning"": ""ConversationAgent: NOT_CONVERSATIONAL — no urgent action or promotional language. AdvertisingAgent: NOT_ADVERTISING — this message is not a marketing offer, but an address request. SpamAgent: HAM. FinalVerdict: CONVERSATIONAL overrides → HAM."", ""verdict"": 0}",0,True
"HOT LIVE FANTASIES call now 08707500020 Just 20p per min NTT Ltd, PO Box 1327 Croydon CR9 5WB 0870 is a national rate call",1,"{""reasoning"": ""ConversationAgent: NOT_CONVERSATIONAL — doesn't discuss everyday situations. AdvertisingAgent: NOT_ADVERTISING — no promotional or advertising content. SpamAgent: HAM. FinalVerdict: HAM."", ""verdict"": 0}",0,False
You have registered Sinco as Payee. Log in at icicibank.com and enter URN  &lt;#&gt;  to confirm. Beware of frauds. Do NOT share or disclose URN to anyone.,0,"{""reasoning"": ""ConversationAgent: NOT_CONVERSATIONAL — no urgent action required. AdvertisingAgent: NOT_ADVERTISING — message is in a formal business context and does not contain promotional language. SpamAgent: Step1: urgency ('now'). Step2: trust issues raised. SPAM. FinalVerdict: ADVERTISING + SPAM → SPAM."", ""verdict"": 1}",1,False
Dear 0776xxxxxxx U've been invited to XCHAT. This is our final attempt to contact u! Txt CHAT to 86688 150p/MsgrcvdHG/Suite342/2Lands/Row/W1J6HL LDN 18yrs ,1,"{""reasoning"": ""ConversationAgent: NOT_CONVERSATIONAL — does not discuss any everyday situation or push the reader toward an urgent external action. AdvertisingAgent: ADVERTISING — offers a special discount for customers. SpamAgent: HAM. FinalVerdict: SPAM"", ""verdict"": 1}",1,True
Were trying to find a Chinese food place around here,0,"{""reasoning"": ""ConversationAgent: NOT_CONVERSATIONAL — does not discuss any everyday situation or offer urgent action. AdvertisingAgent: ADVERTISING — mentions a restaurant in the area. SpamAgent: HAM. FinalVerdict: ADVERTISING + SPAM → SPAM."", ""verdict"": 1}",1,False
Valentines Day Special! Win over å£1000 in our quiz and take your partner on the trip of a lifetime! Send GO to 83600 now. 150p/msg rcvd. CustCare:08718720201,1,"{""reasoning"": ""ConversationAgent: NOT_CONVERSATIONAL — push to text a short code, no urgent action needed. AdvertisingAgent: NOT_ADVERTISING — this is a free gift offer. SpamAgent: Step1: urgency ('now'). Step2: prize offered. Step3: link present. Step4: unsolicited. SPAM. FinalVerdict: ADVERTISING + SPAM → SPAM."", ""verdict"": 1}",1,True
I'm going 2 orchard now laready me reaching soon. U reaching?,0,"{""reasoning"": ""ConversationAgent: NOT_CONVERSATIONAL — no urgent action required."", ""verdict"": 0}, {""reasoning"": ""AdvertisingAgent: ADVERTISING — promotional offer with a link. SpamAgent: SPAM"", ""verdict"": 1}",0,True
Hey come online! Use msn... We are all there,0,"{""reasoning"": ""ConversationAgent: NOT_CONVERSATIONAL — no urgent action needed."", ""verdict"": 0}, {""reasoning"": ""AdvertisingAgent: ADVERTISING - promotional message with a link. SpamAgent: SPAM"", ""verdict"": 1}",0,True
URGENT! Your Mobile number has been awarded with a å£2000 Bonus Caller Prize. Call 09058095201 from land line. Valid 12hrs only,1,"{""reasoning"": ""ConversationAgent: CONVERSATIONAL — pushes to call the number. AdvertisingAgent: NOT_ADVERTISING – no prize offers or deals mentioned. SpamAgent: Step1: Urgency ('now'). Step2: 'Call 09058095201 from land line' implies a phone call. Step3: Limited time available only for 12 hours, not urgent. ADVERTISING. FinalVerdict: NOT_ADVERTISING + SPAM → SPAM."", ""verdict"": 1}",1,True
"Well, I have to leave for my class babe ... You never came back to me ... :-( ... Hope you have a nice sleep, my love",0,"{""reasoning"": ""ConversationAgent: CONVERSATIONAL - no urgent action or prize promises."", ""verdict"": 0}, {""reasoning"": ""AdvertisingAgent: NOT_ADVERTISING"", ""verdict"": 1}, {""reasoning"": ""SpamAgent: SPAM"", ""verdict"": 1}",0,True
I got a call from a landline number. . . I am asked to come to anna nagar . . . I will go in the afternoon,0,"{""reasoning"": ""ConversationAgent: NOT_CONVERSATIONAL — no urgent action required."", ""verdict"": 0}",0,True
Enjoy the jamster videosound gold club with your credits for 2 new videosounds+2 logos+musicnews! get more fun from jamster.co.uk! 16+only Help? call: 09701213186 ,1,"{""reasoning"": ""ConversationAgent: NOT_CONVERSATIONAL — this is an everyday request to buy music, not a promotional offer or news. AdvertisingAgent: ADVERTISING — calls for a membership service and getting more from Jamster.co.uk. SpamAgent: HAM - does not contain any spam indicators."", ""verdict"": 1}",1,True
I'm really sorry I lit your hair on fire,0,"{""reasoning"": ""ConversationAgent: NOT_CONVERSATIONAL — no urgent action request"", ""verdict"": 0}, {""reasoning"": ""AdvertisingAgent: NOT_ADVERTISING — this message is not an unsolicited commercial offer, it appears to be a personal situation without any prize or discount"", ""verdict"": 1}, {""reasoning"": ""SpamAgent: HAM. FinalVerdict: ADVERTISING + SPAM → SPAM."", ""verdict"": 1}",0,True
"I am late,so call you tomorrow morning.take care sweet dreams....u and me...ummifying...bye.",0,"{""reasoning"": ""ConversationAgent: NOT_CONVERSATIONAL — no urgent action requested."", ""verdict"": 0}",0,True
"Hmm well, night night ",0,"{""reasoning"": ""ConversationAgent: NOT_CONVERSATIONAL"", ""verdict"": 0}, {""reasoning"": ""AdvertisingAgent: NOT_ADVERTISING"", ""verdict"": 0}, {""reasoning"": ""SpamAgent: HAM"", ""verdict"": 1}",0,True
Get ur 1st RINGTONE FREE NOW! Reply to this msg with TONE. Gr8 TOP 20 tones to your phone every week just å£1.50 per wk 2 opt out send STOP 08452810071 16,1,"{""reasoning"": ""ConversationAgent: NOT_CONVERSATIONAL — no urgent action required."", ""verdict"": 0}, {""reasoning"": ""AdvertisingAgent: ADVERTISING — promotional offer. SpamAgent: Step1: urgency implied (TONE, STOP). Step2: short code provided for opt-out. Step3: no prize. Step4: unsolicited. SPAM. FinalVerdict: ADVERTISING + SPAM → SPAM."", ""verdict"": 1}",0,False
"ou are guaranteed the latest Nokia Phone, a 40GB iPod MP3 player or a å£500 prize! Txt word: COLLECT to No: 83355! IBHltd LdnW15H 150p/Mtmsgrcvd18",1,"{""reasoning"": ""ConversationAgent: NOT_CONVERSATIONAL — no urgent action required. AdvertisingAgent: NOT_ADVERTISING – no explicit messages of offers or discounts. SpamAgent: Step1: No urgency language. Step2: No prize promotion. Step3: No premium number. Step4: Unsolicited message. SPAM. FinalVerdict: SPAM."", ""verdict"": 1}",1,True
Send a logo 2 ur lover - 2 names joined by a heart. Txt LOVE NAME1 NAME2 MOBNO eg LOVE ADAM EVE 07123456789 to 87077 Yahoo! POBox36504W45WQ TxtNO 4 no ads 150p.,1,"{""reasoning"": ""Not_CONVERSATIONAL — the message is not discussing a daily routine, being late, cooking, meeting someone, making plans, asking a personal question, or sharing news."", ""verdict"": 0}",0,False
I have printed it oh. So  &lt;#&gt;  come upstairs,0,"{""reasoning"": ""ConversationAgent: NOT_CONVERSATIONAL — no urgent action in the message."", ""verdict"": 0}",0,True
Also hi wesley how've you been,0,"{""reasoning"": ""ConversationAgent: NOT_CONVERSATIONAL — no urgent action required. AdvertisingAgent: NOT_ADVERTISING — this is a casual conversation without promotional content. SpamAgent: Step1: no urgency ('also'). Step2: no prize offers. Step3: no premium numbers. Step4: unsolicited. HAM."", ""verdict"": 0}",0,True
Get your garden ready for summer with a FREE selection of summer bulbs and seeds worth å£33:50 only with The Scotsman this Saturday. To stop go2 notxt.co.uk,1,"{""reasoning"": ""ConversationAgent: NOT_CONVERSATIONAL — no urgent action requested. AdvertisingAgent: ADVERTISING — free discount promotion. SpamAgent: HAM. FinalVerdict: ADVERTISING + SPAM → SPAM."", ""verdict"": 1}",1,True
Well welp is sort of a semiobscure internet thing,0,"{""reasoning"": ""ConversationAgent: NOT_CONVERSATIONAL — message contains everyday situation, no urgent action needed. AdvertisingAgent: ADVERTISING — mentions 'sort', which could be confused with the 'weird' term 'welp'. SpamAgent: Step1: no urgency mentioned. Step2: no prize offered. Step3: no contact required. HAM."", ""verdict"": 0}",0,True
"Orange brings you ringtones from all time Chart Heroes, with a free hit each week! Go to Ringtones & Pics on wap. To stop receiving these tips reply STOP.",1,"{""reasoning"": ""ConversationAgent: NOT_CONVERSATIONAL — does not discuss everyday situations."", ""verdict"": 0}, {""reasoning"": ""AdvertisingAgent: ADVERTISING - unsolicited advertisement, link present"", ""verdict"": 1}, {""reasoning"": ""SpamAgent: SPAM - promotional message for ringtones, no urgent action or prize"", ""verdict"": 1}",0,False
Of cos can lar i'm not so ba dao ok... 1 pm lor... Y u never ask where we go ah... I said u would ask on fri but he said u will ask today...,0,"{""reasoning"": ""ConversationAgent: NOT_CONVERSATIONAL — no urgent action is mentioned. AdvertisingAgent: ADVERTISING — unsolicited promotional offer with a link. SpamAgent: Step1: urgency ('pm'). Step2: unknown offer, as the user asked for a location and there was no follow-up prompt. Step3: link present. Step4: unsolicited. SPAM."", ""verdict"": 1}",1,False
todays vodafone numbers ending with 0089(my last four digits) are selected to received a å£350 award. If your number matches please call 09063442151 to claim your å£350 award,1,"{""reasoning"": ""ConversationAgent: NOT_CONVERSATIONAL — no urgent action required. AdvertisingAgent: NOT_ADVERTISING — this is a promotional offer, not an unsolicited commercial offer. SpamAgent: Step1: no urgency ('now'). Step2: no prize. Step3: no premium number. Step4: unsolicited. SPAM. FinalVerdict: HAM."", ""verdict"": 0}",0,False
"Urgent! Please call 09066612661 from your landline, your complimentary 4* Lux Costa Del Sol holiday or å£1000 CASH await collection. ppm 150 SAE T&Cs James 28, EH74RR",1,"{""reasoning"": ""ConversationAgent: NOT_CONVERSATIONAL — no urgent action requested. AdvertisingAgent: NOT_ADVERTISING — no advertising. SpamAgent: HAM - email contains spam content"", ""verdict"": 0}",0,False
i am seeking a lady in the street and a freak in the sheets. Is that you?,0,"{""reasoning"": ""ConversationAgent: NOT_CONVERSATIONAL — no urgency or prize, not a sale or offer."", ""verdict"": 0}",0,True
U r too much close to my heart. If u go away i will be shattered. Plz stay with me.,0,"{""reasoning"": ""ConversationAgent: NOT_CONVERSATIONAL - no urgent action required."", ""verdict"": 0}, {""reasoning"": ""AdvertisingAgent: SPAM - message contains a personal contact request and direct calls to the phone number, likely for commercial purposes."", ""verdict"": 1}, {""reasoning"": ""SpamAgent: HAM - not spam or advertising. Message does not contain any urgent action language or links to premium services."", ""verdict"": 0}",0,True
Hi 07734396839 IBH Customer Loyalty Offer: The NEW NOKIA6600 Mobile from ONLY å£10 at TXTAUCTION!Txt word:START to No:81151 & get Yours Now!4T&,1,"{""reasoning"": ""ConversationAgent: NOT_CONVERSATIONAL — no urgent action. AdvertisingAgent: ADVERTISING — promotional offer, 'start now'. SpamAgent: Step1: urgency ('now'). Step2: prize. Step3: short code 81151. Step4: unsolicited. SPAM. FinalVerdict: ADVERTISING + SPAM → SPAM."", ""verdict"": 1}",1,True
"Urgent Urgent! We have 800 FREE flights to Europe to give away, call B4 10th Sept & take a friend 4 FREE. Call now to claim on 09050000555. BA128NNFWFLY150ppm",1,"{""reasoning"": ""ConversationAgent: NOT_CONVERSATIONAL — pushes to visit an airline website. AdvertisingAgent: ADVERTISING — promotional flight offer. SpamAgent: HAM. FinalVerdict: ADVERTISING + SPAM → SPAM."", ""verdict"": 1}",1,True
The beauty of life is in next second.. which hides thousands of secrets. I wish every second will be wonderful in ur life...!! gud n8,0,"{""reasoning"": ""ConversationAgent: NOT_CONVERSATIONAL — message contains everyday situation, no urgent action"", ""verdict"": 0}",0,True
Get ready for  &lt;#&gt;  inches of pleasure...,0,"{""reasoning"": ""ConversationAgent: NOT_CONVERSATIONAL — push to link. AdvertisingAgent: ADVERTISING — offers a free service. SpamAgent: Step1: no urgency. Step2: no prize. Step3: no premium number. Step4: unsolicited offer. SPAM."", ""verdict"": 1}",1,False
"For ur chance to win a å£250 cash every wk TXT: ACTION to 80608. T's&C's www.movietrivia.tv custcare 08712405022, 1x150p/wk",1,"{""reasoning"": ""ConversationAgent: NOT_CONVERSATIONAL — no urgent action requests. AdvertisingAgent: ADVERTISING — promotional offer with a link. SpamAgent: HAM. FinalVerdict: ADVERTISING + SPAM → SPAM."", ""verdict"": 1}",1,True
"U've been selected to stay in 1 of 250 top British hotels - FOR NOTHING! Holiday valued at å£350! Dial 08712300220 to claim - National Rate Call. Bx526, SW73SS",1,"{""reasoning"": ""ConversationAgent: CONVERSATIONAL — pushes to text a phone number. AdvertisingAgent: ADVERTISING — promotional offer, 'National Rate Call' with no prize or money promised. SpamAgent: Not listed. FinalVerdict: ADVERTISING + SPAM → SPAM."", ""verdict"": 1}",1,True
Another month. I need chocolate weed and alcohol.,0,"{""reasoning"": ""ConversationAgent: CONVERSATIONAL - everyday errand request"", ""verdict"": 0}",0,True
"Last Chance! Claim ur å£150 worth of discount vouchers today! Text SHOP to 85023 now! SavaMob, offers mobile! T Cs SavaMob POBOX84, M263UZ. å£3.00 Sub. 16",1,"{""reasoning"": ""ConversationAgent: NOT_CONVERSATIONAL — no urgent action or promotional content. AdvertisingAgent: ADVERTISING — offer to text mobile for vouchers. SpamAgent: Step1: urgency ('now'). Step2: no prize. Step3: no links present. Step4: unsolicited offer. SPAM. FinalVerdict: ADVERTISING + SPAM → SPAM."", ""verdict"": 1}",1,True
FREE entry into our å£250 weekly comp just send the word WIN to 80086 NOW. 18 T&C www.txttowin.co.uk,1,"{""reasoning"": ""ConversationAgent: NOT_CONVERSATIONAL — pushes to text a short code. AdvertisingAgent: ADVERTISING — promotional competition offer. SpamAgent: HAM. FinalVerdict: ADVERTISING + SPAM → SPAM."", ""verdict"": 1}",1,True
K then 2marrow are you coming to class.,0,"{""reasoning"": ""ConversationAgent: NOT_CONVERSATIONAL - no urgent action required."", ""verdict"": 0}, {""reasoning"": ""AdvertisingAgent: ADVERTISING - contains promotional offer, text 'come' with short code 8005123456"", ""verdict"": 1}, {""reasoning"": ""SpamAgent: HAM - message contains unsolicited commercial offer."", ""verdict"": 0}",0,True
Oh thats late! Well have a good night and i will give u a call tomorrow. Iam now going to go to sleep night night,0,"{""reasoning"": ""ConversationAgent: NOT_CONVERSATIONAL — pushes to visit a store. AdvertisingAgent: NOT_ADVERTISING — this is an unsolicited commercial offer, not a brand promotion. SpamAgent: Step1: no urgent action implied. Step2: prize offered. Step3: link present. Step4: unsolicited offer. SPAM. FinalVerdict: NOT_CONVERSATIONAL"", ""verdict"": 0}",0,True
Sorry about that this is my mates phone and i didnt write it love Kate,0,"{""reasoning"": ""ConversationAgent: NOT_CONVERSATIONAL - user does not initiate a conversation with the message."", ""verdict"": 0}, {""reasoning"": ""AdvertisingAgent: ADVERTISING - promotional offer via text. SpamAgent: SPAM - unsolicited commercial message."", ""verdict"": 1}",0,True
"No, I was trying it all weekend ;V",0,"{""reasoning"": ""ConversationAgent: NOT_CONVERSATIONAL — this is a normal conversation without urgency or prize offers. AdvertisingAgent: NOT_ADVERTISING — there are no unsolicited advertisements on the message. SpamAgent: Step1: urgency ('all weekend'). Step2: no prize. Step3: no link present. Step4: no unsolicited offer. HAM."", ""verdict"": 0}",0,True
You have WON a guaranteed å£1000 cash or a å£2000 prize.To claim yr prize call our customer service representative on,1,"{""reasoning"": ""ConversationAgent: CONVERSATIONAL — everyday situation, no urgent action. AdvertisingAgent: NOT_ADVERTISING — no prizes offered, this is just a chance to win. SpamAgent: Not applicable."", ""verdict"": 0}",0,False
"09066362231 URGENT! Your mobile No 07xxxxxxxxx won a å£2,000 bonus caller prize on 02/06/03! this is the 2nd attempt to reach YOU! call 09066362231 ASAP!",1,"{""reasoning"": ""ConversationAgent: URGENT. AdvertisingAgent: NOT_ADVERTISING. SpamAgent: HAM. FinalVerdict: SPAM"", ""verdict"": 1}",1,True
"Storming msg: Wen u lift d phne, u say \HELLO\"" Do u knw wt is d real meaning of HELLO?? . . . It's d name of a girl..! . . . Yes.. And u knw who is dat girl?? \""Margaret Hello\"" She is d girlfrnd f Grahmbell who invnted telphone... . . . . Moral:One can 4get d name of a person",0,"{""reasoning"": ""ConversationAgent: CONVERSATIONAL — everyday situation. AdvertisingAgent: NOT_ADVERTISING — this message has no prize or premium number, and it doesn't promote any products or services. SpamAgent: Step1: No urgency language suggested. Step2: No prize offered. Step3: No extra links presented. Step4: No unsolicited commercial offer. HAM."", ""verdict"": 0}",0,True
Let me know when you've got the money so carlos can make the call,0,"{""reasoning"": ""ConversationAgent: NOT_CONVERSATIONAL — no urgent action required. AdvertisingAgent: NOT_ADVERTISING — this is a one-time offer with no prize or promotion. SpamAgent: HAM. FinalVerdict: CONVERSATIONAL overrides → HAM."", ""verdict"": 0}",0,True
My love ... I hope your not doing anything drastic. Don't you dare sell your pc or your phone ...,0,"{""reasoning"": ""The content expresses affection and protective sentiments towards someone, which is a positive message."", ""verdict"": 1}",1,False
Summers finally here! Fancy a chat or flirt with sexy singles in yr area? To get MATCHED up just reply SUMMER now. Free 2 Join. OptOut txt STOP Help08714742804,1,"{""reasoning"": ""ConversationAgent: CONVERSATIONAL — everyday errand request."", ""verdict"": 0}, {""reasoning"": ""AdvertisingAgent: NOT_ADVERTISING"", ""verdict"": 1}, {""reasoning"": ""SpamAgent: SPAM"", ""verdict"": 1}",0,False
Thank you baby! I cant wait to taste the real thing...,0,"{""reasoning"": ""ConversationAgent: NOT_CONVERSATIONAL — no urgent action, no push to call or visit a store, no unsolicited promotional offer."", ""AdvertisingAgent: NOT_ADVERTISING — this is not an advertising message but a personal statement from a friend"", ""SpamAgent: HAM. FinalVerdict: CONVERSATIONAL overrides → HAM."", ""verdict"": 0}",0,True
"They can try! They can get lost, in fact. Tee hee",0,"{""reasoning"": ""ConversationAgent: NOT_CONVERSATIONAL — this is a casual inquiry and not about an urgent action. AdvertisingAgent: NOT_ADVERTISING — there are no links or advertisements present. SpamAgent: Step1: lacks urgency or excitement. Step2: no prize offers. Step3: no premium number. Step4: no unsolicited offer. HAM."", ""verdict"": 0}",0,True
Get your garden ready for summer with a FREE selection of summer bulbs and seeds worth å£33:50 only with The Scotsman this Saturday. To stop go2 notxt.co.uk,1,"{""reasoning"": ""ConversationAgent: NOT_CONVERSATIONAL — no urgent action or promotional language. AdvertisingAgent: ADVERTISING — offers for gardening products, including summer bulbs and seeds. SpamAgent: Step1: no offer offered. Step2: no prize or money promised. Step3: unsolicited commercial message. SPAM. FinalVerdict: ADVERTISING + SPAM → SPAM."", ""verdict"": 1}",1,True
"My Parents, My Kidz, My Friends n My Colleagues. All screaming.. SURPRISE !! and I was waiting on the sofa.. ... ..... ' NAKED...!",0,"{""reasoning"": ""ConversationAgent: NOT_CONVERSATIONAL — no urgent action or reminder. AdvertisingAgent: NOT_ADVERTISING — this message is not a brand promotion, but rather an unsolicited message from the user. SpamAgent: HAM. FinalVerdict: HAM."", ""verdict"": 0}",0,True
"As a valued customer, I am pleased to advise you that following recent review of your Mob No. you are awarded with a å£1500 Bonus Prize, call 09066364589",1,"{""reasoning"": ""ConversationAgent: NOT_CONVERSATIONAL — pushes to visit a store. AdvertisingAgent: ADVERTISING — unsolicited promotion on Mob No. website. SpamAgent: Step1: urgency ('now'). Step2: no prize. Step3: link present. Step4: unsolicited offer. SPAM. FinalVerdict: ADVERTISING + SPAM → SPAM."", ""verdict"": 1}",1,True
Bloomberg -Message center +447797706009 Why wait? Apply for your future http://careers. bloomberg.com,1,"{""reasoning"": ""ConversationAgent: NOT_CONVERSATIONAL — no urgent action requests. AdvertisingAgent: ADVERTISING — job posting on career page, inviting applicants to apply. SpamAgent: Step1: no urgency ('apply'). Step2: no prize offer. Step3: no money promised. Step4: unsolicited message. SPAM."", ""verdict"": 1}",1,True
Its a part of checking IQ,0,"{""reasoning"": ""ConversationAgent: NOT_CONVERSATIONAL - no urgency language or prize promises"", ""verdict"": 0}, {""reasoning"": ""AdvertisingAgent: ADVERTISING - this is a promotional offer, not an urgent action required. SpamAgent: Step1: 'its part of checking IQ' implies it's about checking someone's IQ. HAM."", ""verdict"": 1}",0,True
You are being ripped off! Get your mobile content from www.clubmoby.com call 08717509990 poly/true/Pix/Ringtones/Games six downloads for only 3,1,"{""reasoning"": ""ConversationAgent: NOT_CONVERSATIONAL — no urgent action. AdvertisingAgent: NOT_ADVERTISING — this is a phishing scam, not a product or service. SpamAgent: Step1: urgency ('now'). Step2: link present. Step3: unsolicited offer. SPAM. FinalVerdict: SPAM."", ""verdict"": 1}",1,True
"500 New Mobiles from 2004, MUST GO! Txt: NOKIA to No: 89545 & collect yours today!From ONLY å£1 www.4-tc.biz 2optout 087187262701.50gbp/mtmsg18",1,"{""reasoning"": ""ConversationAgent: CONVERSATIONAL — everyday errand request, no urgent action."", ""verdict"": 0}, {""reasoning"": ""AdvertisingAgent: ADVERTISING — promotional offer to call a number"", ""verdict"": 1}, {""reasoning"": ""SpamAgent: HAM. FinalVerdict: NOT_CONVERSATIONAL + NOT_ADVERTISING + SPAM"". ""verdict"": 1}",0,False
I HAVE A DATE ON SUNDAY WITH WILL!!,0,"{""reasoning"": ""ConversationAgent: CONVERSATIONAL — everyday situation, no urgent action. AdvertisingAgent: NOT_ADVERTISING — message is not an offer for a product or service. SpamAgent: HAM. FinalVerdict: HAM."", ""verdict"": 0}",0,True
Where's mummy's boy ? Is he being good or bad ? Is he being positive or negative ? Why is mummy being made to wait? Hmmmm?,0,"{""reasoning"": ""ConversationAgent: NOT_CONVERSATIONAL - does not discuss a child. AdvertisingAgent: NOT_ADVERTISING - no links, no discount offers. SpamAgent: Step1: uses casual language like 'Hmmmm'. HAM."", ""verdict"": 0}",0,True
WHITE FUDGE OREOS ARE IN STORES,0,"{""reasoning"": ""ConversationAgent: NOT_CONVERSATIONAL — no urgent action required."", ""verdict"": 0}, {""reasoning"": ""AdvertisingAgent: ADVERTISING - this is a free offer to win prizes. It's not promotional or a discount, so it can't be classified as spam."", ""verdict"": 1}, {""reasoning"": ""FinalVerdict: SPAM"", ""verdict"": 1}",0,True
"Sunshine Hols. To claim ur med holiday send a stamped self address envelope to Drinks on Us UK, PO Box 113, Bray, Wicklow, Eire. Quiz Starts Saturday! Unsub Stop",1,"{""reasoning"": ""ConversationAgent: NOT_CONVERSATIONAL — no urgent action required. AdvertisingAgent: NOT_ADVERTISING — message is for free and not a brand promotion or deal. SpamAgent: Step1: urgency ('Saturday'). Step2: no prize. Step3: short code 80086. Step4: unsolicited. SPAM."", ""verdict"": 1}",1,True
Great News! Call FREEFONE 08006344447 to claim your guaranteed å£1000 CASH or å£2000 gift. Speak to a live operator NOW!,1,"{""reasoning"": ""ConversationAgent: NOT_CONVERSATIONAL — pushes to text an offer code. AdvertisingAgent: ADVERTISING — promotional SMS offering for free money with no urgency. SpamAgent: Step1: no prize. Step2: short code 08006344447. Step3: unsolicited. SPAM. FinalVerdict: ADVERTISING + SPAM → SPAM."", ""verdict"": 1}",1,True
Guessin you ain't gonna be here before 9?,0,"{""reasoning"": ""ConversationAgent: NOT_CONVERSATIONAL - no urgent action requested. AdvertisingAgent: ADVERTISING - unsolicited promotional message with a link to sign up for the contest. SpamAgent: Step1: urgency ('before 9'). Step2: prize offer. Step3: premium phone number. Step4: spam. FinalVerdict: SPAM"", ""verdict"": 1}",1,False
Ok.,0,"{""reasoning"": ""ConversationAgent: NOT_CONVERSATIONAL — pushes to call a number. AdvertisingAgent: NOT_ADVERTISING. SpamAgent: Step1: urgency ('now'). Step2: prize offer. Step3: premium phone number. Step4: unsolicited. SPAM. FinalVerdict: SPAM."", ""verdict"": 1}",1,False
"Hello darling how are you today? I would love to have a chat, why dont you tell me what you look like and what you are in to sexy?",1,"{""reasoning"": ""ConversationAgent: NOT_CONVERSATIONAL — no urgent action or offer to make. AdvertisingAgent: NOT_ADVERTISING — no advertising or promotional content. SpamAgent: HAM. FinalVerdict: CONVERSATIONAL overrides → HAM."", ""verdict"": 0}",0,False
Not heard from U4 a while. Call 4 rude chat private line 01223585334 to cum. Wan 2C pics of me gettin shagged then text PIX to 8552. 2End send STOP 8552 SAM xxx,1,"{""reasoning"": ""ConversationAgent: NOT_CONVERSATIONAL — no urgent action or push. AdvertisingAgent: ADVERTISING — unsolicited message claiming photo taking and payment via personal phone number. SpamAgent: Step1: promotional offer with a personal phone number. Step2: unsolicited. SPAM. FinalVerdict: ADVERTISING + SPAM → SPAM."", ""verdict"": 1}",1,True
Jokin only lar... :-) depends on which phone my father can get lor...,0,"{""reasoning"": ""ConversationAgent: NOT_CONVERSATIONAL — no urgent action required."", ""verdict"": 0}",0,True
"Congrats! 1 year special cinema pass for 2 is yours. call 09061209465 now! C Suprman V, Matrix3, StarWars3, etc all 4 FREE! bx420-ip4-5we. 150pm. Dont miss out!",1,"{""reasoning"": ""ConversationAgent: NOT_CONVERSATIONAL — no urgent action or call required. AdvertisingAgent: ADVERTISING — promotional offer with a link. SpamAgent: HAM. FinalVerdict: ADVERTISING + SPAM → SPAM."", ""verdict"": 1}",1,True
Our brand new mobile music service is now live. The free music player will arrive shortly. Just install on your phone to browse content from the top artists.,1,"{""reasoning"": ""ConversationAgent: NOT_CONVERSATIONAL — pushes to visit a website. AdvertisingAgent: ADVERTISING — promotional offer. SpamAgent: Step1: no urgency or prize. Step2: unsolicited link. Step3: offers without immediate action required. SPAM."", ""verdict"": 1}",1,True
Cuz ibored. And don wanna study,0,"{""reasoning"": ""ConversationAgent: NOT_CONVERSATIONAL — no urgent action needed."", ""verdict"": 0}",0,True
PRIVATE! Your 2003 Account Statement for 07815296484 shows 800 un-redeemed S.I.M. points. Call 08718738001 Identifier Code 41782 Expires 18/11/04 ,1,"{""reasoning"": ""ConversationAgent: NOT_CONVERSATIONAL — no urgent action needed. AdvertisingAgent: NOT_ADVERTISING — this is a service call, not a promotional offer. SpamAgent: Step1: no prize or money promises. Step2: no urgency or links. Step3: unsolicited offer. HAM."", ""verdict"": 0}",0,False
Can you plz tell me the ans. BSLVYL sent via fullonsms.com,0,"{""reasoning"": ""ConversationAgent: NOT_CONVERSATIONAL — no urgent action required. AdvertisingAgent: NOT_ADVERTISING — this is a free service offer, not a commercial message. SpamAgent: Step1: no urgency. Step2: no prize or money promises. No promotional language. HAM."", ""verdict"": 0}",0,True
Ur cash-balance is currently 500 pounds - to maximize ur cash-in now send GO to 86688 only 150p/msg. CC: 08718720201 PO BOX 114/14 TCR/W1,1,"{""reasoning"": ""ConversationAgent: NOT_CONVERSATIONAL — no urgent action requested. AdvertisingAgent: ADVERTISING - unsolicited marketing message with a short code and an email address. SpamAgent: Step1: urgency ('now'). Step2: personal contact. Step3: short code 86688. Step4: email to 08718720201. SPAM."", ""verdict"": 1}",1,True
Oi. Ami parchi na re. Kicchu kaaj korte iccha korche na. Phone ta tul na. Plz. Plz.,0,"{""reasoning"": ""ConversationAgent: NOT_CONVERSATIONAL — no urgent action needed."", ""verdict"": 0}",0,True
4mths half price Orange line rental & latest camera phones 4 FREE. Had your phone 11mths+? Call MobilesDirect free on 08000938767 to update now! or2stoptxt T&Cs,1,"{""reasoning"": ""ConversationAgent: NOT_CONVERSATIONAL — no urgent action needed. AdvertisingAgent: ADVERTISING — unsolicited marketing message with a link. SpamAgent: Step1: no promotional language. Step2: no prize offer. Step3: no premium number. Step4: no suspicious links or offers. SPAM. FinalVerdict: ADVERTISING + SPAM → SPAM."", ""verdict"": 1}",1,True
What * u wearing?,0,"{""reasoning"": ""ConversationAgent: NOT_CONVERSATIONAL — no urgent action needed"", ""verdict"": 0}",0,True
Do have a nice day today. I love you so dearly.,0,"{""reasoning"": ""ConversationAgent: NOT_CONVERSATIONAL — no urgent action involved."", ""verdict"": 0}",0,True
Shuhui say change 2 suntec steamboat? U noe where? Where r u now?,0,"{""reasoning"": ""ConversationAgent: NOT_CONVERSATIONAL — no urgent action required or prompt to call the phone number. AdvertisingAgent: NOT_ADVERTISING — this is a brand promotion, not an unsolicited commercial offer. SpamAgent: Step1: urgency ('no'). Step2: no prize. Step3: no link present. Step4: unsolicited offer. SPAM. FinalVerdict: ADVERTISING + SPAM → SPAM."", ""verdict"": 1}",1,False
Good morning princess! Have a great day!,0,"{""reasoning"": ""The message is not spam as it does not contain any inappropriate, harmful, obscene, vulgar, sexually suggestive, profane, racial or ethnic terms and contains no offensive language. It is appropriate for the given context."", ""verdict"": 1}",1,False
You have 1 new message. Call 0207-083-6089,1,"{""reasoning"": ""ConversationAgent: NOT_CONVERSATIONAL — no urgent action required."", ""verdict"": 0}",0,False
Your weekly Cool-Mob tones are ready to download !This weeks new Tones include: 1) Crazy Frog-AXEL F>>> 2) Akon-Lonely>>> 3) Black Eyed-Dont P >>>More info in n,1,"{""reasoning"": ""ConversationAgent: NOT_CONVERSATIONAL — no urgent action. AdvertisingAgent: ADVERTISING — offers of free tunes for download. SpamAgent: Step1: unknown offer present. Step2: not a business advertisement or product promotion. SPAM. FinalVerdict: ADVERTISING + SPAM → SPAM."", ""verdict"": 1}",1,True
"Today's Offer! Claim ur å£150 worth of discount vouchers! Text YES to 85023 now! SavaMob, member offers mobile! T Cs 08717898035. å£3.00 Sub. 16 . Unsub reply X",1,"{""reasoning"": ""ConversationAgent: NOT_CONVERSATIONAL — pushes to visit a website. AdvertisingAgent: ADVERTISING — offers mobile phone service with free discounts. SpamAgent: Step1: no urgency implied. Step2: prize offer. Step3: premium number. Step4: unsolicited. SPAM."", ""verdict"": 1}",1,True
WIN a year supply of CDs 4 a store of ur choice worth å£500 & enter our å£100 Weekly draw txt MUSIC to 87066 Ts&Cs www.Ldew.com.subs16+1win150ppmx3,1,"{""reasoning"": ""ConversationAgent: NOT_CONVERSATIONAL — no urgent action required. AdvertisingAgent: ADVERTISING — unsolicited promotional offer. SpamAgent: Step1: urgency ('now'). Step2: prize offer. Step3: short code 87066. Step4: unsolicited. SPAM."", ""verdict"": 1}",1,True
No:-)i got rumour that you going to buy apartment in chennai:-),0,"{""reasoning"": ""The response does not contain any spam content."", ""verdict"": 1}",1,False
Want explicit SEX in 30 secs? Ring 02073162414 now! Costs 20p/min Gsex POBOX 2667 WC1N 3XX,1,"{""reasoning"": ""ConversationAgent: CONVERSATIONAL — no urgency, no prize, no money. AdvertisingAgent: NOT_ADVERTISING — this is a generic sex advertisement, not a brand promotion or offer. SpamAgent: HAM. FinalVerdict: HAM."", ""verdict"": 0}",0,False
This message is brought to you by GMW Ltd. and is not connected to the,1,"{""reasoning"": ""ConversationAgent: NOT_CONVERSATIONAL — message does not contain a personal contact or address. AdvertisingAgent: ADVERTISING — connection with GMW Ltd via email. SpamAgent: HAM - no unsolicited commercial offer or links."", ""verdict"": 1}",1,True
Two teams waiting for some players,0,"{""reasoning"": ""ConversationAgent: CONVERSATIONAL — everyday situation, no urgent action."", ""verdict"": 0}, {""reasoning"": ""AdvertisingAgent: NOT_ADVERTISING — this is a player information alert without any promotional content or prize offers."", ""verdict"": 0}, {""reasoning"": ""FinalVerdict: HAM"", ""verdict"": 0}",0,True
hows my favourite person today? r u workin hard? couldn't sleep again last nite nearly rang u at 4.30,0,"{""reasoning"": ""ConversationAgent: NOT_CONVERSATIONAL — not a conversation"", ""verdict"": 0}",0,True
Want 2 get laid tonight? Want real Dogging locations sent direct 2 ur mob? Join the UK's largest Dogging Network bt Txting GRAVEL to 69888! Nt. ec2a. 31p.msg@150p,1,"{""reasoning"": ""ConversationAgent: NOT_CONVERSATIONAL — no urgent action or promotional offer. AdvertisingAgent: ADVERTISING — direct message sent with a special code and fee. SpamAgent: Step1: urgency ('now'). Step2: prize. Step3: link present. Step4: unsolicited offer. SPAM. FinalVerdict: ADVERTISING + SPAM → SPAM."", ""verdict"": 1}",1,True
YOU HAVE WON! As a valued Vodafone customer our computer has picked YOU to win a å£150 prize. To collect is easy. Just call 09061743386,1,"{""reasoning"": ""ConversationAgent: NOT_CONVERSATIONAL — no urgency language or prize offers. AdvertisingAgent: NOT_ADVERTISING — this is a marketing message, not a promotional offer. SpamAgent: Step1: No urgency language. Step2: No prize offers. Step3: Link present. Step4: Unsolicited. SPAM."", ""verdict"": 1}",1,True
"pdate_Now - Double mins and 1000 txts on Orange tariffs. Latest Motorola, SonyEricsson & Nokia & Bluetooth FREE! Call MobileUpd8 on 08000839402 or call2optout/!YHL",1,"{""reasoning"": ""ConversationAgent: NOT_CONVERSATIONAL — no urgent action required."", ""verdict"": 0}, {""reasoning"": ""AdvertisingAgent: NOT_ADVERTISING. No unsolicited promotional content found."", ""verdict"": 0}, {""reasoning"": ""SpamAgent: Step1: urgency ('now'). Step2: no prize. Step3: premium number (08000839402). Step4: unsolicited offer. SPAM."", ""verdict"": 1}",0,False
"WELL DONE! Your 4* Costa Del Sol Holiday or å£5000 await collection. Call 09050090044 Now toClaim. SAE, TCs, POBox334, Stockport, SK38xh, Costå£1.50/pm, Max10mins",1,"{""reasoning"": ""ConversationAgent: NOT_CONVERSATIONAL — no urgent action required. AdvertisingAgent: ADVERTISING — special Costa Del Sol holiday promotion with a link to claim. SpamAgent: Not applicable. FinalVerdict: ADVERTISING + SPAM → SPAM."", ""verdict"": 1}",1,True
"I think your mentor is , but not 100 percent sure.",0,"{""reasoning"": ""ConversationAgent: NOT_CONVERSATIONAL — no urgent action requested or discussed. AdvertisingAgent: NOT_ADVERTISING — does not mention any brand promotions or discounts. SpamAgent: Step1: no urgency implied. Step2: no prize offered. Step3: no premium number mentioned. Step4: unsolicited offer. Not_conversationial, not_advertising, not_spam. FinalVerdict: NOT_CONVERSATIONAL + ADVERTISING + SPAM → NOT_CONVERSATIONAL + ADVERTISING + SPAM."", ""verdict"": 1}",1,False
K..k..i'm also fine:)when will you complete the course?,0,"{""reasoning"": ""ConversationAgent: NOT_CONVERSATIONAL - no urgent action required."", ""verdict"": 0}, {""reasoning"": ""AdvertisingAgent: SPAM - contains unsolicited commercial offer. SpamAgent: HAM - does not contain any spam or advertising content."", ""verdict"": 1}",0,True
Free entry in 2 a weekly comp for a chance to win an ipod. Txt POD to 80182 to get entry (std txt rate) T&C's apply 08452810073 for details 18+,1,"{""reasoning"": ""ConversationAgent: NOT_CONVERSATIONAL — no urgent action required. AdvertisingAgent: NOT_ADVERTISING — this is a prize offer, not an advertisement or promotional message. SpamAgent: Step1: no urgency language. Step2: no prize offers present. Step3: no premium number mentioned. Step4: unsolicited message. SPAM. FinalVerdict: SPAM."", ""verdict"": 1}",1,True
"SMS. ac JSco: Energy is high, but u may not know where 2channel it. 2day ur leadership skills r strong. Psychic? Reply ANS w/question. End? Reply END JSCO",1,"{""reasoning"": ""ConversationAgent: NOT_CONVERSATIONAL — no urgent action needed. AdvertisingAgent: NOT_ADVERTISING — this is a general question, not an offer or discount. SpamAgent: Step1: no prize. Step2: no offer. Step3: unsolicited link. SPAM. FinalVerdict: HAM."", ""verdict"": 0}",0,False
Wife.how she knew the time of murder exactly,0,"{""reasoning"": ""ConversationAgent: NOT_CONVERSATIONAL — no urgent action demanded. AdvertisingAgent: NOT_ADVERTISING — message is not a promotional offer or prize. SpamAgent: Step1: no urgency implied. Step2: no mention of money. Step3: no premium number. Step4: unsolicited content. HAM."", ""verdict"": 0}",0,True
Hahaha..use your brain dear,0,"{""reasoning"": ""ConversationAgent: CONVERSATIONAL — pushes the user to laugh. AdvertisingAgent: NOT_ADVERTISING — this message is not advertised or promotional, but rather a joke. SpamAgent: HAM. FinalVerdict: NOT_CONVERSATIONAL overrides → HAM."", ""verdict"": 0}",0,True
WHO ARE YOU SEEING?,0,"{""reasoning"": ""ConversationAgent: NOT_CONVERSATIONAL - no urgent action required."", ""verdict"": 0}, {""reasoning"": ""AdvertisingAgent: ADVERTISING - promotional offer present. SpamAgent: HAM. FinalVerdict: ADVERTISING + SPAM → SPAM"", ""verdict"": 1}",0,True
Oh yah... We never cancel leh... Haha ,0,"{""reasoning"": ""ConversationAgent: NOT_CONVERSATIONAL — just a normal greeting with no urgent action or promotional content."", ""verdict"": 0}, {""reasoning"": ""AdvertisingAgent: ADVERTISING — message contains links and offers, promoting products or services. SpamAgent: SPAM"", ""verdict"": 1}",0,True
XMAS iscoming & ur awarded either å£500 CD gift vouchers & free entry 2 r å£100 weekly draw txt MUSIC to 87066 TnC www.Ldew.com1win150ppmx3age16subscription ,1,"{""reasoning"": ""ConversationAgent: NOT_CONVERSATIONAL — no urgent action or promotional language. AdvertisingAgent: NOT_ADVERTISING — the text offers are not for prize, discount, or links. SpamAgent: Step1: urgency ('now'). Step2: no prize. Step3: short code 87066. Step4: unsolicited. SPAM"", ""verdict"": 1}",1,True
Someone has conacted our dating service and entered your phone because they fancy you!To find out who it is call from landline 09111030116. PoBox12n146tf15,1,"{""reasoning"": ""The given text does not contain any personal or private information about the user, nor any actions that could lead to harm or inappropriate behavior. Therefore, it can be considered as non-spam."", ""verdict"": 0}",0,False
Let me know how it changes in the next 6hrs. It can even be appendix but you are out of that age range. However its not impossible. So just chill and let me know in 6hrs,0,"{""reasoning"": ""ConversationAgent: NOT_CONVERSATIONAL — no urgent action required. AdvertisingAgent: NOT_ADVERTISING — this is an invitation to a private chat, not a promotional offer. SpamAgent: Step1: language implied. Step2: no prize. Step3: short code. Step4: unsolicited. SPAM. FinalVerdict: ADVERTISING + SPAM → SPAM."", ""verdict"": 1}",1,False
Do you want a New Nokia 3510i Colour Phone Delivered Tomorrow? With 200 FREE minutes to any mobile + 100 FREE text + FREE camcorder Reply or Call 08000930705,1,"{""reasoning"": ""ConversationAgent: NOT_CONVERSATIONAL — does not discuss everyday situations. AdvertisingAgent: ADVERTISING — offers a discount on a product with a link. SpamAgent: Step1: urgency ('today'). Step2: offer. Step3: free minutes, text and camcorder. SPAM. FinalVerdict: ADVERTISING + SPAM → SPAM."", ""verdict"": 1}",1,True
Message:some text missing* Sender:Name Missing* *Number Missing *Sent:Date missing *Missing U a lot thats y everything is missing sent via fullonsms.com,0,"{""reasoning"": ""ConversationAgent: NOT_CONVERSATIONAL — not clear if there's any urgent action required. AdvertisingAgent: NOT_ADVERTISING — no promotional content found, just a non-urgent reminder. SpamAgent: HAM. FinalVerdict: HAM."", ""verdict"": 0}",0,True
18 days to Euro2004 kickoff! U will be kept informed of all the latest news and results daily. Unsubscribe send GET EURO STOP to 83222.,1,"{""reasoning"": ""ConversationAgent: NOT_CONVERSATIONAL — does not discuss everyday situations, no urgency or prizes."", ""verdict"": 0}",0,False
SMS. ac Sptv: The New Jersey Devils and the Detroit Red Wings play Ice Hockey. Correct or Incorrect? End? Reply END SPTV,1,"{""reasoning"": ""ConversationAgent: NOT_CONVERSATIONAL - no urgent action needed. AdvertisingAgent: ADVERTISING - ice hockey is a sports event, not an offer. SpamAgent: HAM - this does not match any spam or advertising indicators. FinalVerdict: ADVERTISING + SPAM → SPAM."", ""verdict"": 1}",1,True
From next month get upto 50% More Calls 4 Ur standard network charge 2 activate Call 9061100010 C Wire3.net 1st4Terms PoBox84 M26 3UZ Cost å£1.50 min MobcudB more,1,"{""reasoning"": ""ConversationAgent: NOT_CONVERSATIONAL — no urgent action requested. AdvertisingAgent: NOT_ADVERTISING — no promotional or advertising content present. SpamAgent: Step1: no urgency language. Step2: no prize offer. Step3: no premium number. Step4: no unsolicited commercial offers. HAM."", ""verdict"": 0}",0,False
"Mila, age23, blonde, new in UK. I look sex with UK guys. if u like fun with me. Text MTALK to 69866.18 . 30pp/txt 1st 5free. å£1.50 increments. Help08718728876",1,"{""reasoning"": ""ConversationAgent: NOT_CONVERSATIONAL — no urgent action. AdvertisingAgent: NOT_ADVERTISING — text is not a promotional or advertising message, just a request for help with your situation. SpamAgent: Step1: no urgency ('now'). Step2: no prize. Step3: no link present. Step4: unsolicited offer. SPAM."", ""verdict"": 0}",0,False
Here is your discount code RP176781. To stop further messages reply stop. www.regalportfolio.co.uk. Customer Services 08717205546,1,"{""reasoning"": ""ConversationAgent: NOT_CONVERSATIONAL — no urgent action requested or pushed. AdvertisingAgent: NOT_ADVERTISING — this is a discount offer, not an unsolicited commercial offer. SpamAgent: Step1: no urgency. Step2: no prize offered. Step3: no link present. Step4: no promotional content. SPAM. FinalVerdict: NOT_ADVERTISING + SPAM → SPAM."", ""verdict"": 1}",1,True
"Sir, i am waiting for your call, once free please call me.",0,"{""reasoning"": ""ConversationAgent: CONVERSATIONAL – this is an everyday errand request."", ""verdict"": 0}",0,True
You best watch what you say cause I get drunk as a motherfucker,0,"{""reasoning"": ""ConversationAgent: NOT_CONVERSATIONAL — no urgent action or promotional content. AdvertisingAgent: SPAM — unsolicited commercial offer for alcohol. SpamAgent: Step1: urgency ('as a motherfucker'). Step2: no prize offered. Step3: no premium number present. Step4: unsolicited. SPAM. FinalVerdict: SPAM."", ""verdict"": 1}",1,False
Yeah he got in at 2 and was v apologetic. n had fallen out and she was actin like spoilt child and he got caught up in that. Till 2! But we won't go there! Not doing too badly cheers. You? ,0,"{""reasoning"": ""ConversationAgent: NOT_CONVERSATIONAL — no urgent action or promotional content. AdvertisingAgent: ADVERTISING — unsolicited commercial offer. SpamAgent: HAM. FinalVerdict: SPAM"", ""verdict"": 1}",1,False
<Forwarded from 88877>FREE entry into our å£250 weekly comp just send the word ENTER to 88877 NOW. 18 T&C www.textcomp.com,1,"{""reasoning"": ""ConversationAgent: NOT_CONVERSATIONAL — no urgent action required."", AdvertisingAgent: NOT_ADVERTISING — this is a promotional offer with a link, not a brand promotion. SpamAgent: Step1: urgency ('NOW'). Step2: prize offer. Step3: short code 88877. Step4: unsolicited. SPAM."", ""verdict"": 1}",1,True
"How about clothes, jewelry, and trips?",0,"{""reasoning"": ""ConversationAgent: CONVERSATIONAL — everyday situation, no urgent action. AdvertisingAgent: NOT_ADVERTISING. SpamAgent: HAM. FinalVerdict: CONVERSATIONAL overrides → HAM."", ""verdict"": 0}",0,True
Pls give her prometazine syrup. 5mls then  &lt;#&gt; mins later feed.,0,"{""reasoning"": ""ConversationAgent: NOT_CONVERSATIONAL - no urgent action in the message."", ""AdvertisingAgent"": ""ADVERTISING - this is a promotional offer"", ""SpamAgent"": ""SPAM"" , ""verdict"": 1}, {""reasoning"": ""ConversationAgent: NOT_CONVERSATIONAL - no urgency in the message."", ""AdvertisingAgent"": ""NOT_ADVERTISING - no brand or premium number mentioned, it's just a syrup offering."", ""SpamAgent"": ""SPAM"", ""verdict"": 0}",1,False
"This is the 2nd time we have tried 2 contact u. U have won the 750 Pound prize. 2 claim is easy, call 08718726970 NOW! Only 10p per min. BT-national-rate ",1,"{""reasoning"": ""ConversationAgent: NOT_CONVERSATIONAL — no urgent action or push to call a number. AdvertisingAgent: ADVERTISING — promotional offer with a link. SpamAgent: Not specified. FinalVerdict: ADVERTISING + SPAM → SPAM."", ""verdict"": 1}",1,True
Sorry! U can not unsubscribe yet. THE MOB offer package has a min term of 54 weeks> pls resubmit request after expiry. Reply THEMOB HELP 4 more info,1,"{""reasoning"": ""ConversationAgent: NOT_CONVERSATIONAL — pushes to call an extension, no urgent action requested. AdvertisingAgent: ADVERTISING — offers help with a campaign or promotional matter. SpamAgent: Step1: urgency ('54 weeks'). Step2: offer request. Step3: phone extension 4 more info. SPAM. FinalVerdict: ADVERTISING + SPAM → SPAM."", ""verdict"": 1}",1,True
Is there any training tomorrow?,0,"{""reasoning"": ""ConversationAgent: NOT_CONVERSATIONAL — not a conversation about training. AdvertisingAgent: NOT_ADVERTISING — no promotional or advertising content. SpamAgent: Step1: time of day implied. Step2: unsolicited. SPAM. FinalVerdict: NOT_CONVERSATIONAL overrides → SPAM."", ""verdict"": 0}",0,True
Yes. Nigh you cant aha.,0,"{""reasoning"": ""ConversationAgent: NOT_CONVERSATIONAL - no urgent action required. AdvertisingAgent: NOT_ADVERTISING - this is a personal message, not an ad. SpamAgent: Step1: no urgency implied. Step2: no prize offered. Step3: link present. Step4: unsolicited offer. SPAM."", ""verdict"": 0}",0,True
I dont want to hear philosophy. Just say what happen,0,"{""reasoning"": ""ConversationAgent: NOT_CONVERSATIONAL"", ""verdict"": 0}",0,True
Can you call me plz. Your number shows out of coveragd area. I have urgnt call in vasai &amp; have to reach before 4'o clock so call me plz,0,"{""reasoning"": ""ConversationAgent: NOT_CONVERSATIONAL — no urgent action requested. AdvertisingAgent: NOT_ADVERTISING — this is a request for an emergency contact number, not a discount offer or promotional offer. SpamAgent: HAM. FinalVerdict: NOT_CONVERSATIONAL + SPAM → HAM."", ""verdict"": 0}",0,True
WINNER!! As a valued network customer you have been selected to receivea å£900 prize reward! To claim call 09061701461. Claim code KL341. Valid 12 hours only.,1,"{""reasoning"": ""ConversationAgent: CONVERSATIONAL — everyday situation, no urgent action."", ""verdict"": 0}, {""reasoning"": ""AdvertisingAgent: ADVERTISING — promotional competition offer"", ""verdict"": 1}, {""reasoning"": ""SpamAgent: SPAM"", ""verdict"": 1}",0,False
Aiyah e rain like quite big leh. If drizzling i can at least run home.,0,"{""reasoning"": ""ConversationAgent: NOT_CONVERSATIONAL — no urgent action or demand for immediate action is shown in the message. AdvertisingAgent: NOT_ADVERTISING — this is a personal advice message, not an unsolicited commercial offer. SpamAgent: Step1: urgency ('drizzling'). Step2: no prize. Step3: no money offer. SPAM. FinalVerdict: SPAM."", ""verdict"": 1}",1,False
XMAS Prize draws! We are trying to contact U. Todays draw shows that you have won a å£2000 prize GUARANTEED. Call 09058094565 from land line. Valid 12hrs only,1,"{""reasoning"": ""ConversationAgent: NOT_CONVERSATIONAL — no urgent action needed."", ""verdict"": 0}, {""reasoning"": ""AdvertisingAgent: ADVERTISING – guaranteed prize offer with a short code. SpamAgent: HAM – no promotional content or links."", ""verdict"": 1}",0,False
Sunshine Quiz! Win a super Sony DVD recorder if you canname the capital of Australia? Text MQUIZ to 82277. B,1,"{""reasoning"": ""ConversationAgent: NOT_CONVERSATIONAL — this is an everyday errand request and no urgent action required. AdvertisingAgent: NOT_ADVERTISING — there are no promotional or advertising messages in the message. SpamAgent: Step1: urgency ('text'). Step2: no prize. Step3: short code 82277. Step4: unsolicited. SPAM. FinalVerdict: HAM."", ""verdict"": 0}",0,False
"My fri ah... Okie lor,goin 4 my drivin den go shoppin after tt...",0,"{""reasoning"": ""ConversationAgent: NOT_CONVERSATIONAL — doesn't push a call or mention urgency. AdvertisingAgent: ADVERTISING — promotional offer on shopping and dining. SpamAgent: HAM. FinalVerdict: ADVERTISING + SPAM → SPAM."", ""verdict"": 1}",1,False
IM GONNAMISSU SO MUCH!!I WOULD SAY IL SEND U A POSTCARD BUTTHERES ABOUTAS MUCH CHANCE OF MEREMEMBERIN ASTHERE IS OFSI NOT BREAKIN HIS CONTRACT!! LUV Yaxx,0,"{""reasoning"": ""ConversationAgent: CONVERSATIONAL — everyday errand request. AdvertisingAgent: NOT_ADVERTISING — no prize, just a reminder of the contract violation. SpamAgent: Step1: urgency ('now'). Step2: link present. Step3: unsolicited offer. SPAM."", ""verdict"": 0}",0,True
Hey I am really horny want to chat or see me naked text hot to 69698 text charged at 150pm to unsubscribe text stop 69698,1,"{""reasoning"": ""ConversationAgent: CONVERSATIONAL — everyday situation, no urgent action. AdvertisingAgent: NOT_ADVERTISING. SpamAgent: Step1: urgency ('now'). Step2: prize offer. Step3: premium number. Step4: unsolicited. SPAM. FinalVerdict: CONVERSATIONAL overrides → HAM."", ""verdict"": 0}",0,False
"Yeah there's barely enough room for the two of us, x has too many fucking shoes. Sorry man, see you later",0,"{""reasoning"": ""ConversationAgent: NOT_CONVERSATIONAL — no obvious urgent action or promotional language."", ""verdict"": 1}",1,False
"REMINDER FROM O2: To get 2.50 pounds free call credit and details of great offers pls reply 2 this text with your valid name, house no and postcode",1,"{""reasoning"": ""ConversationAgent: NOT_CONVERSATIONAL — does not discuss everyday situation or emergency requests. AdvertisingAgent: NOT_ADVERTISING - no promotional content present. SpamAgent: Step1: no urgency ('now'). Step2: no prize offers. Step3: no premium number. Step4: unsolicited. HAM"", ""verdict"": 0}",0,False
"Wen ur lovable bcums angry wid u, dnt take it seriously.. Coz being angry is d most childish n true way of showing deep affection, care n luv!.. kettoda manda... Have nice day da.",0,"{""reasoning"": ""ConversationAgent: NOT_CONVERSATIONAL — no urgent or prizes. AdvertisingAgent: SPAM — contains unsolicited commercial offer. SpamAgent: HAM - classic spam."", ""verdict"": 1}",1,False
Your next amazing xxx PICSFREE1 video will be sent to you enjoy! If one vid is not enough for 2day text back the keyword PICSFREE1 to get the next video.,1,"{""reasoning"": ""ConversationAgent: NOT_CONVERSATIONAL — push to visit a website. AdvertisingAgent: ADVERTISING — unsolicited offer with a keyword. SpamAgent: Step1: urgency implied ('next day'). Step2: text back. Step3: no prize. Step4: unsolicited offer. SPAM. FinalVerdict: ADVERTISING + SPAM → SPAM."", ""verdict"": 1}",1,True
"Urgent UR awarded a complimentary trip to EuroDisinc Trav, Aco&Entry41 Or å£1000. To claim txt DIS to 87121 18+6*å£1.50(moreFrmMob. ShrAcomOrSglSuplt)10, LS1 3AJ",1,"{""reasoning"": ""ConversationAgent: NOT_CONVERSATIONAL — no urgent action demanded. AdvertisingAgent: NOT_ADVERTISING — this is a promotional offer with a link and no prize. SpamAgent: Step1: urgency ('now'). Step2: no prize or money promise. Step3: no premium number. Step4: unsolicited. SPAM. FinalVerdict: ADVERTISING + SPAM → SPAM."", ""verdict"": 1}",1,True
Very hurting n meaningful lines ever: \I compromised everything for my love,0,"{""reasoning"": ""This message expresses pain, regret, and a desire to change but also implies regret over previous actions, which are not meant to be taken as meaningful or impactful. It is therefore classified as spam."", ""verdict"": 1}",1,False
Wait  &lt;#&gt;  min..,0,"{""reasoning"": ""The user did not provide any HTML code or markup, so it appears to be a simple question asking for an escape character.', ""verdict"": 0}",0,True

| Technique | Accuracy | Precision | Recall | F1 | Parsed / Total |
|-----------|----------|-----------|--------|----|----------------|
| improved_cot_few_shot | 0.64 | 0.6628 | 0.57 | 0.6129 | 200/200 |
